Date,Actual,Naive,ARIMA,RandomForest,XGBoost
2019-04-12,1342.4,1346.3,1345.583175213935,1347.9819703007538,1345.7131
2019-04-15,1328.1,1342.4,1349.2414858166626,1340.357008858941,1340.6432
2019-04-16,1327.6,1328.1,1343.5359981843155,1327.013603513385,1326.4032
2019-04-17,1326.9,1327.6,1333.9981266769257,1319.461811286083,1325.254
2019-04-18,1277.9,1326.9,1329.6815657637862,1318.8832213128717,1324.8596
2019-04-19,1328.5,1277.9,1328.4864133596689,1296.690959737571,1278.4432
2019-04-22,1323.8,1328.5,1289.5506228146064,1322.6415952236507,1325.4688
2019-04-23,1329.9,1323.8,1327.475597837059,1317.7247771606133,1320.8896
2019-04-24,1330.2,1329.9,1317.2437402604671,1329.1636578280754,1331.3657
2019-04-25,1339.2,1330.2,1331.5195031130522,1331.033423072935,1328.999
2019-04-26,1331.6,1339.2,1321.9763572029817,1335.5112654622162,1339.4856
2019-04-29,1335.7,1331.6,1339.5956107670095,1332.1300144795446,1329.7294
2019-04-30,1334.2,1335.7,1330.5063315903965,1331.9840846594004,1330.7632
2019-05-01,1322.2,1334.2,1336.1268472691836,1331.8275481670312,1330.8113
2019-05-02,1331.7,1322.2,1333.2263099303743,1322.6916314589234,1326.6722
2019-05-03,1334.0,1331.7,1325.9273597598733,1329.4397981900318,1326.7941
2019-05-06,1335.8,1334.0,1331.5298929706537,1332.498706700174,1332.1311
2019-05-07,1331.4,1335.8,1332.5858834528656,1331.173439726886,1331.9622
2019-05-08,1335.1,1331.4,1335.5312221911379,1331.6260261586308,1332.0602
2019-05-09,1337.2,1335.1,1330.3456554611057,1332.0927492873248,1328.8844
2019-05-10,1350.2,1337.2,1335.317083092079,1336.6571910503637,1333.3622
2019-05-13,1343.4,1350.2,1336.176088937443,1352.0151355429064,1344.9292
2019-05-14,1344.5,1343.4,1347.3578458697152,1344.183946641481,1345.3188
2019-05-15,1333.1,1344.5,1341.4649234772394,1345.6282760048646,1348.3381
2019-05-16,1322.5,1333.1,1344.8742918751007,1333.1885748981824,1332.783
2019-05-17,1324.2,1322.5,1334.4451976999298,1321.310054468737,1326.7043
2019-05-20,1320.1,1324.2,1328.2393467625398,1319.9602623492697,1326.1206
2019-05-21,1321.3,1320.1,1326.2729716576462,1319.533985734679,1322.9299
2019-05-22,1331.8,1321.3,1322.3970873187623,1319.588414075146,1326.0197
2019-05-23,1330.1,1331.8,1322.347761061154,1329.0876698934358,1327.4343
2019-05-24,1284.15,1330.1,1328.963440370189,1330.4948339779255,1328.0768
2019-05-26,1284.95,1284.15,1328.7087784680498,1292.052584261632,1282.6456
2019-05-27,1323.3,1284.95,1293.18789007919,1292.2698636929758,1285.3828
2019-05-28,1326.5,1323.3,1293.3383292833983,1317.218484578801,1313.6338
2019-05-29,1332.9,1326.5,1318.403705157526,1319.3711903347992,1318.084
2019-05-30,1349.6,1332.9,1322.391427873011,1330.697084504075,1334.39
2019-05-31,1365.3,1349.6,1326.6041547564614,1346.6273037461347,1351.5602
2019-06-03,1366.5,1365.3,1340.838772856489,1353.6806374202406,1370.9729
2019-06-04,1370.2,1366.5,1359.5853243094775,1353.6069191979445,1366.834
2019-06-05,1378.5,1370.2,1361.5649825261492,1369.0414370471406,1366.8717
2019-06-06,1381.9,1378.5,1366.899139818825,1371.9803803097666,1364.896
2019-06-07,1366.9,1381.9,1375.1104136044096,1374.250217723738,1377.7252
2019-06-10,1369.0,1366.9,1379.84035093966,1366.05448141467,1366.2657
2019-06-11,1373.8,1369.0,1368.5394715762018,1367.5866241805938,1369.3904
2019-06-12,1380.7,1373.8,1370.7879510062342,1370.2421892392201,1368.3574
2019-06-13,1381.5,1380.7,1373.2556283908345,1373.3040165567147,1373.4404
2019-06-14,1379.6,1381.5,1379.7914203690475,1374.880102662122,1377.6528
2019-06-17,1387.4,1379.6,1378.7713419389268,1376.305507643356,1379.2902
2019-06-18,1384.4,1387.4,1379.0503336422285,1380.9136627716946,1376.7445
2019-06-19,1429.4,1384.4,1385.64150576821,1378.5328457160708,1377.6078
2019-06-20,1432.7,1429.4,1383.7549591776706,1422.1845174003977,1423.6504
2019-06-21,1450.9,1432.7,1420.3986701154458,1422.3347861760285,1425.561
2019-06-24,1451.3,1450.9,1422.0726654301652,1433.2350105718258,1441.929
2019-06-25,1447.8,1451.3,1444.473551333177,1429.4634396606443,1444.2134
2019-06-26,1444.5,1447.8,1442.681756137068,1423.25348227052,1442.7842
2019-06-27,1446.8,1444.5,1449.0475677984084,1433.8838826239114,1444.5165
2019-06-28,1423.6,1446.8,1444.221980662381,1445.1350664470792,1442.9237
2019-07-01,1442.8,1423.6,1447.958548778545,1424.0041135083482,1423.3204
2019-07-02,1456.0,1442.8,1428.525000453073,1441.7061843185052,1434.5242
2019-07-03,1423.55,1456.0,1443.604507303036,1455.664040498083,1464.5599
2019-07-04,1436.6,1423.55,1450.2583340774763,1423.3464522220127,1420.2625
2019-07-05,1437.3,1436.6,1428.910725447114,1434.4778648803187,1431.3665
2019-07-08,1438.3,1437.3,1436.863264400647,1434.03271065943,1432.7023
2019-07-09,1450.5,1438.3,1435.8684788901076,1432.6933058627346,1429.8843
2019-07-10,1445.3,1450.5,1440.9997080374817,1448.2209078882913,1441.5638
2019-07-11,1450.9,1445.3,1444.9872260944187,1443.2401489821607,1443.4979
2019-07-12,1452.3,1450.9,1444.3223672440224,1446.9321188557792,1443.1919
2019-07-15,1450.2,1452.3,1450.0296806904128,1449.376684308547,1449.4375
2019-07-16,1462.5,1450.2,1449.9872239331373,1447.5598449990448,1449.3845
2019-07-17,1467.2,1462.5,1451.0801827996215,1458.612752946415,1464.7445
2019-07-18,1465.5,1467.2,1459.4992185151123,1460.3420319244087,1467.0128
2019-07-19,1466.0,1465.5,1463.9172483296338,1459.759754280332,1464.5756
2019-07-22,1460.8,1466.0,1464.4508311836132,1460.9724560207337,1464.5111
2019-07-23,1462.9,1460.8,1464.660545069407,1456.7499185954512,1461.9249
2019-07-24,1454.4,1462.9,1461.9531049976686,1459.8517791928762,1462.0398
2019-07-25,1460.4,1454.4,1463.8771939697676,1453.5661643746282,1443.8457
2019-07-26,1461.7,1460.4,1455.917416143365,1455.9808889504043,1460.1945
2019-07-29,1470.3,1461.7,1461.3130710537475,1455.479438574884,1461.4998
2019-07-30,1466.3,1470.3,1460.2472093064432,1461.0027168620682,1460.2527
2019-07-31,1461.5,1466.3,1468.8289819885858,1455.7617119511528,1462.8389
2019-08-01,1485.3,1461.5,1464.3228005584256,1452.7556055947653,1461.5272
2019-08-02,1502.6,1485.3,1462.9636776692844,1493.4524238838023,1493.4945
2019-08-05,1509.7,1502.6,1480.7516791289943,1502.1918380628774,1492.3712
2019-08-06,1544.6,1509.7,1495.14602472776,1506.6080865045487,1517.461
2019-08-07,1535.0,1544.6,1503.5928338685328,1546.0066586841904,1560.3619
2019-08-08,1534.5,1535.0,1532.284470741136,1543.5893364613557,1534.9409
2019-08-09,1543.0,1534.5,1528.7446584060774,1541.6767780536452,1538.8762
2019-08-12,1540.7,1543.0,1534.62384413687,1542.5541717655535,1551.369
2019-08-13,1554.0,1540.7,1538.724832619066,1540.3562665981715,1553.2885
2019-08-14,1556.7,1554.0,1541.9460931476792,1541.792640717452,1553.1631
2019-08-15,1549.2,1556.7,1550.8361296945777,1540.7905776968112,1554.3892
2019-08-16,1537.2,1549.2,1552.667565922479,1539.2841299872102,1547.8755
2019-08-19,1541.3,1537.2,1550.0465834296826,1537.1544116613375,1546.343
2019-08-20,1541.5,1541.3,1539.6693081819917,1537.3452093462097,1547.8665
2019-08-21,1534.4,1541.5,1543.6583364097714,1537.329860452984,1546.7401
2019-08-22,1563.5,1534.4,1542.169284241373,1536.3139746659363,1529.6
2019-08-23,1563.1,1563.5,1536.4682593951331,1544.698298843966,1559.5026
2019-08-26,1578.0,1563.1,1557.9402266267664,1548.8597923279315,1559.8695
2019-08-27,1575.3,1578.0,1557.7685528948696,1561.5608675444244,1573.8419
2019-08-28,1564.0,1575.3,1574.0119299067876,1559.5683337643154,1565.0186
2019-08-29,1557.2,1564.0,1569.6201556857272,1547.9552039194054,1558.8796
2019-08-30,1538.05,1557.2,1567.37306330731,1547.2583098717262,1553.182
2019-09-01,1535.15,1538.05,1559.6002911981059,1539.4255869123524,1546.9453
2019-09-02,1583.2,1535.15,1545.0176763607576,1538.403416598638,1529.4822
2019-09-03,1587.4,1583.2,1541.0884266747598,1575.8003766519469,1576.4384
2019-09-04,1552.9,1587.4,1575.0480426261806,1588.7210876872332,1579.9645
2019-09-05,1543.3,1552.9,1578.4145901246088,1557.6207296093894,1557.3951
2019-09-06,1539.6,1543.3,1555.921278753934,1550.8941557511894,1550.8745
2019-09-09,1528.1,1539.6,1547.254736245619,1556.5268594975576,1552.9701
2019-09-10,1532.4,1528.1,1546.0220344467718,1548.8431509283528,1537.201
2019-09-11,1537.8,1532.4,1535.4256887228933,1557.7964605180514,1538.3259
2019-09-12,1530.7,1537.8,1533.5201201375714,1556.73621438357,1548.8513
2019-09-13,1542.3,1530.7,1536.3967626620135,1556.413004355469,1533.6053
2019-09-16,1544.1,1542.3,1531.8045808248687,1556.5557084834531,1550.3276
2019-09-17,1546.1,1544.1,1540.0960430254736,1554.422325890719,1554.1677
2019-09-18,1536.4,1546.1,1541.3997463659273,1554.3526937514723,1554.1677
2019-09-19,1545.3,1536.4,1545.5873312408517,1551.8185765603307,1551.2706
2019-09-20,1561.6,1545.3,1536.44594601984,1554.1308199270532,1552.1511
2019-09-23,1570.1,1561.6,1545.6517115336844,1562.0456636724955,1560.3557
2019-09-24,1542.0,1570.1,1556.80591511615,1575.2842347327291,1562.3379
2019-09-25,1545.0,1542.0,1565.5135856172851,1559.4567186086,1548.8518
2019-09-26,1536.1,1545.0,1543.8701588953493,1555.339893959108,1549.946
2019-09-27,1502.3,1536.1,1548.4335209662136,1553.6934973133923,1532.0751
2019-09-30,1518.0,1502.3,1538.8282901626128,1524.860196596409,1490.3038
2019-10-01,1536.8,1518.0,1514.17760163372,1538.627628198304,1536.4172
2019-10-02,1541.3,1536.8,1520.6538341756202,1557.495117466106,1548.5996
2019-10-03,1540.7,1541.3,1532.6081233182917,1554.5231496474867,1553.5208
2019-10-04,1532.5,1540.7,1538.5595300894327,1556.461889557525,1554.5104
2019-10-07,1531.9,1532.5,1535.7755037190582,1552.6818847995557,1533.4639
2019-10-08,1541.1,1531.9,1532.897020820805,1551.5862420403046,1533.2454
2019-10-09,1529.7,1541.1,1534.1235244304112,1555.9898352673051,1552.0215
2019-10-10,1517.8,1529.7,1540.0318043963164,1554.4101943436306,1529.5498
2019-10-11,1527.1,1517.8,1531.010871991292,1539.1344757800719,1531.5474
2019-10-14,1513.1,1527.1,1521.798559613754,1549.6827129280625,1531.2654
2019-10-15,1523.4,1513.1,1527.321078012079,1537.1853937789738,1511.2513
2019-10-16,1527.8,1523.4,1516.3310820738811,1547.2238173409705,1531.1277
2019-10-17,1523.0,1527.8,1524.275729073351,1547.3357024780958,1532.7805
2019-10-18,1517.3,1523.0,1524.123102458772,1546.5362819626641,1535.3251
2019-10-21,1516.6,1517.3,1524.3036127396413,1539.8691842349017,1531.0963
2019-10-22,1524.9,1516.6,1517.5860331747015,1538.792124957773,1533.7056
2019-10-23,1533.9,1524.9,1518.2090274526756,1548.107959197888,1527.6091
2019-10-24,1535.1,1533.9,1524.309300048845,1557.7203981174298,1535.0662
2019-10-25,1525.8,1535.1,1530.7107419838103,1557.064867177674,1537.0238
2019-10-28,1520.6,1525.8,1532.3408851560075,1549.58033587856,1534.7438
2019-10-29,1526.5,1520.6,1526.1213426470854,1543.821103658207,1534.1825
2019-10-30,1544.0,1526.5,1522.998575228383,1548.4342434815374,1535.5757
2019-10-31,1541.3,1544.0,1527.148357525282,1556.6031377308543,1551.709
2019-11-01,1541.6,1541.3,1540.4097681276037,1556.5879742402194,1553.5593
2019-11-04,1514.5,1541.6,1538.034473138082,1555.2585388991342,1553.888
2019-11-05,1523.9,1514.5,1540.2713218931626,1535.6201951902297,1512.5115
2019-11-06,1497.7,1523.9,1518.7706139089166,1544.0650610646076,1532.7828
2019-11-07,1496.3,1497.7,1528.528840529494,1493.001497046381,1491.2919
2019-11-08,1488.0,1496.3,1502.64714097801,1497.7089859178443,1490.1427
2019-11-11,1484.2,1488.0,1504.1442772845016,1494.025669250199,1489.6401
2019-11-12,1493.9,1484.2,1489.4049568130476,1496.5088205779557,1488.4928
2019-11-13,1504.0,1493.9,1489.7959167646084,1498.376034538995,1490.126
2019-11-14,1499.1,1504.0,1492.1237629581651,1506.7649213156537,1511.3899
2019-11-15,1502.4,1499.1,1500.8791196586299,1497.8798877950935,1493.6136
2019-11-18,1504.8,1502.4,1497.5014020695642,1504.960114427581,1495.8475
2019-11-19,1504.5,1504.8,1501.0070967800668,1510.7786989811661,1513.3074
2019-11-20,1494.0,1504.5,1503.324481469335,1510.5226615341103,1514.5309
2019-11-21,1494.4,1494.0,1504.809229029655,1496.3388935483422,1487.0947
2019-11-22,1488.1,1494.4,1495.5725113005735,1500.388250982493,1487.9211
2019-11-25,1491.0,1488.1,1496.3990681582056,1498.141699345104,1489.7217
2019-11-26,1484.4,1491.0,1490.07204241962,1500.634825700611,1493.8236
2019-11-27,1462.25,1484.4,1492.6971074213554,1497.1068153984952,1492.2339
2019-11-28,1496.6,1462.25,1485.043465335027,1455.038680799291,1455.8972
2019-11-29,1493.1,1496.6,1468.7072887347806,1499.598090178861,1492.5002
2019-12-02,1508.6,1493.1,1493.7994279185432,1497.8338259190193,1494.693
2019-12-03,1504.5,1508.6,1488.8250510075607,1508.606015622735,1516.4656
2019-12-04,1507.5,1504.5,1506.0190127185865,1507.7638513703212,1512.477
2019-12-05,1489.9,1507.5,1497.9854818784065,1507.779282850171,1514.634
2019-12-06,1489.8,1489.9,1508.6797667155479,1493.6275496158853,1490.834
2019-12-09,1493.2,1489.8,1491.4992854603638,1498.8472440755108,1491.7395
2019-12-10,1500.1,1493.2,1494.3545091155518,1500.5372106170832,1490.133
2019-12-11,1497.5,1500.1,1493.045539032944,1501.1464501196147,1496.4012
2019-12-12,1506.9,1497.5,1499.8466411257289,1500.2177011456722,1492.9982
2019-12-13,1506.7,1506.9,1495.6661219370735,1511.0614462755384,1513.9255
2019-12-16,1506.8,1506.7,1504.7332555468356,1510.3242798530719,1514.8593
2019-12-17,1504.3,1506.8,1504.4221501546845,1510.9515474690086,1516.2593
2019-12-18,1510.0,1504.3,1506.8404554405583,1510.4193696620932,1513.2861
2019-12-19,1506.4,1510.0,1503.7647769136179,1511.6513188462425,1512.0245
2019-12-20,1514.4,1506.4,1509.75074681808,1511.1214569178928,1511.6079
2019-12-23,1530.5,1514.4,1506.1045751518507,1515.2909808117233,1511.3721
2019-12-24,1504.05,1530.5,1513.39512755628,1540.9213052488165,1532.9281
2019-12-25,1540.3,1504.05,1525.0254777440682,1510.305658863129,1511.8933
2019-12-26,1544.4,1540.3,1506.408189025776,1540.1671639172312,1551.0474
2019-12-27,1545.4,1544.4,1536.2926432754302,1540.0682334223188,1551.3671
2019-12-30,1550.6,1545.4,1536.3637275931844,1538.8013578373416,1552.6592
2019-12-31,1520.95,1550.6,1545.5968628510307,1537.1540056300457,1555.8151
2020-01-01,1555.2,1520.95,1544.3109487652189,1516.6592739748917,1529.1842
2020-01-02,1579.6,1555.2,1527.1953951812266,1538.0905542907399,1556.4774
2020-01-03,1596.1,1579.6,1553.9285530044424,1560.1588487636798,1575.0159
2020-01-06,1601.3,1596.1,1568.697543293312,1584.5064740857304,1598.8759
2020-01-07,1587.0,1601.3,1588.8421785868582,1587.1290575084165,1601.431
2020-01-08,1581.4,1587.0,1590.714220313755,1572.1938135584417,1575.5585
2020-01-09,1587.0,1581.4,1587.0447573102356,1562.82312395001,1584.0677
2020-01-10,1577.5,1587.0,1584.6411863010378,1590.8254874042943,1584.2019
2020-01-13,1571.2,1577.5,1588.0125257326665,1585.5863561691738,1574.867
2020-01-14,1580.3,1571.2,1580.302702912386,1579.9143035076436,1574.1509
2020-01-15,1576.9,1580.3,1574.075236041289,1585.0553867329738,1583.2789
2020-01-16,1587.2,1576.9,1579.440371825805,1585.3898703897219,1575.4463
2020-01-17,1557.05,1587.2,1577.2906472240666,1590.3990959748446,1585.004
2020-01-19,1561.25,1557.05,1585.4346584240757,1564.8288904865071,1566.1278
2020-01-20,1584.7,1561.25,1560.240722397605,1553.040482677887,1564.6973
2020-01-21,1583.5,1584.7,1566.717075996342,1579.6346059761245,1583.4274
2020-01-22,1592.1,1583.5,1579.5036500903036,1580.9224547644421,1584.2299
2020-01-23,1599.0,1592.1,1582.1345930000464,1596.208573420158,1593.5516
2020-01-24,1604.6,1599.0,1587.462306275101,1603.0013857471388,1604.1708
2020-01-27,1596.9,1604.6,1593.7147953752715,1603.9963339023761,1605.7277
2020-01-28,1597.9,1596.9,1602.6655273357662,1597.9599941740996,1600.3198
2020-01-29,1610.7,1597.9,1596.0517275435573,1600.0010415145125,1602.5045
2020-01-30,1609.4,1610.7,1598.6440541866127,1608.6038633896467,1602.1749
2020-01-31,1604.0,1609.4,1608.0118723567207,1605.6746768973323,1606.2037
2020-02-03,1577.5,1604.0,1607.9926558858162,1597.582386585158,1604.6823
2020-02-04,1584.7,1577.5,1604.2208572700804,1575.0835464351278,1572.1256
2020-02-05,1591.7,1584.7,1582.9888359443917,1578.1997837372348,1580.4219
2020-02-06,1595.0,1591.7,1589.6473540121908,1592.1399927860639,1591.191
2020-02-07,1600.7,1595.0,1590.7625803948029,1596.5167131257226,1595.5623
2020-02-10,1591.1,1600.7,1594.8536092124696,1599.075298057377,1603.1549
2020-02-11,1592.4,1591.1,1596.5509102351302,1588.1469416189398,1583.0403
2020-02-12,1599.6,1592.4,1591.3623998099301,1592.5280489889815,1592.4042
2020-02-13,1606.9,1599.6,1593.7538376505472,1597.6090654692264,1602.0936
2020-02-14,1586.25,1606.9,1597.9605702079512,1606.946264587001,1603.758
2020-02-16,1587.05,1586.25,1605.0248556274155,1577.9793738271803,1580.1729
2020-02-17,1624.0,1587.05,1588.094864921404,1587.715649929591,1581.0198
2020-02-18,1632.2,1624.0,1590.0506552468214,1616.6029850278294,1629.2618
2020-02-19,1640.8,1632.2,1616.9012889806909,1625.348359510728,1630.9062
2020-02-20,1669.1,1640.8,1625.2167338670083,1648.0792253391608,1638.921
2020-02-21,1697.1,1669.1,1634.2073670778996,1663.8318752688124,1668.8717
2020-02-24,1670.2,1697.1,1657.3164559408378,1694.9855583307174,1696.9323
2020-02-25,1662.9,1670.2,1685.7478895811057,1664.9472066914616,1665.7931
2020-02-26,1661.4,1662.9,1667.9348290235419,1661.0127453349153,1665.21
2020-02-27,1583.6,1661.4,1665.909403751436,1662.3990488207014,1664.8151
2020-02-28,1609.7,1583.6,1663.22145341236,1580.4083343044965,1578.08
2020-03-02,1658.8,1609.7,1604.469478195191,1616.1515741873957,1604.8008
2020-03-03,1656.5,1658.8,1619.8803423787467,1664.2013283583779,1652.9874
2020-03-04,1680.4,1656.5,1647.4893723095015,1663.7092917975797,1663.8751
2020-03-05,1683.0,1680.4,1653.046716463816,1670.9875490349184,1694.0824
2020-03-06,1684.1,1683.0,1667.0525433259534,1683.0315219915706,1689.1605
2020-03-09,1669.0,1684.1,1673.9420433686767,1683.6709737581646,1692.6499
2020-03-10,1650.8,1669.0,1684.34332478047,1665.1652152848362,1666.8413
2020-03-11,1598.8,1650.8,1669.3006712279457,1649.4190684677233,1654.2568
2020-03-12,1524.9,1598.8,1658.4308105346822,1606.0618108521753,1613.0697
2020-03-13,1493.8,1524.9,1614.2702526513738,1552.806949378663,1539.4437
2020-03-16,1534.1,1493.8,1553.6136263423684,1484.3675952956305,1541.1636
2020-03-17,1487.1,1534.1,1519.6245867619175,1570.7053550085957,1545.0195
2020-03-18,1489.4,1487.1,1540.7024630305018,1483.0672042074314,1502.5234
2020-03-19,1495.1,1489.4,1495.474819746186,1486.3408951458173,1503.9667
2020-03-20,1581.4,1495.1,1496.1129947495135,1489.8001827471044,1500.6383
2020-03-23,1663.0,1581.4,1490.7729771626002,1574.9807724287439,1571.804
2020-03-24,1633.3,1663.0,1568.519242741692,1658.7478304098588,1648.8198
2020-03-25,1662.0,1633.3,1625.6036318791923,1626.1676242390035,1618.287
2020-03-26,1655.0,1662.0,1617.2904118188667,1659.671743109821,1646.4862
2020-03-27,1644.1,1655.0,1649.0966796421355,1655.8336700214722,1629.3171
2020-03-30,1597.6,1644.1,1647.9475166717787,1654.7052357216726,1655.6545
2020-03-31,1592.5,1597.6,1652.694163975633,1611.6622782628804,1615.2528
2020-04-01,1638.9,1592.5,1605.795825016715,1605.8964597110376,1605.9681
2020-04-02,1646.5,1638.9,1605.7075415422635,1639.3072284041348,1635.834
2020-04-03,1693.1,1646.5,1633.7144475666132,1651.6779924588836,1668.6256
2020-04-06,1683.7,1693.1,1639.8082401183715,1686.5919307665054,1701.7083
2020-04-07,1684.1,1683.7,1677.6070210602156,1681.7550419887027,1659.7893
2020-04-08,1753.6,1684.1,1670.809241863187,1684.8955894224925,1667.8806
2020-04-09,1740.6,1753.6,1684.5486924636618,1772.3991276035872,1782.4695
2020-04-10,1762.7,1740.6,1735.2546341776515,1748.0176265905936,1738.16
2020-04-13,1771.2,1762.7,1731.9786196034004,1796.5241205811114,1774.296
2020-04-14,1744.7,1771.2,1756.3089705960683,1797.2452230730028,1789.6887
2020-04-15,1736.3,1744.7,1758.7418389483566,1756.8244130551277,1747.0227
2020-04-16,1702.7,1736.3,1751.5530674020795,1750.8015584916616,1744.2056
2020-04-17,1715.3,1702.7,1740.247089622347,1723.0657751360209,1718.6287
2020-04-20,1692.1,1715.3,1713.090590229608,1722.4468670098527,1719.2295
2020-04-21,1743.5,1692.1,1723.0677765805888,1695.5351664875404,1686.7561
2020-04-22,1751.0,1743.5,1695.9571680851582,1746.3455037643591,1739.2604
2020-04-23,1741.7,1751.0,1739.7859945726557,1775.681768971087,1751.2189
2020-04-24,1731.4,1741.7,1737.4745748639516,1746.5542237087093,1742.8575
2020-04-27,1731.2,1731.4,1741.9996458955688,1741.6136359999996,1741.2384
2020-04-28,1722.4,1731.2,1728.9059804046326,1740.1209695109899,1744.0759
2020-04-29,1704.9,1722.4,1735.404563251317,1729.209100499684,1718.7198
2020-04-30,1712.0,1704.9,1726.1237097547557,1711.326234397011,1715.1989
2020-05-01,1725.9,1712.0,1710.9892322109185,1711.251007009599,1714.9159
2020-05-04,1728.0,1725.9,1714.1905517451125,1722.496656385652,1728.0159
2020-05-05,1704.4,1728.0,1723.411085288661,1730.4340752056332,1728.0682
2020-05-06,1743.7,1704.4,1725.6477199364126,1712.5430213570703,1712.8213
2020-05-07,1735.2,1743.7,1706.6215034512816,1734.5799603411638,1737.7997
2020-05-08,1720.9,1735.2,1739.1587199645928,1731.970528332344,1737.2938
2020-05-11,1728.0,1720.9,1730.6525690520627,1726.8392794265365,1711.8651
2020-05-12,1737.3,1728.0,1725.808485174617,1724.9680729871461,1728.308
2020-05-13,1762.0,1737.3,1725.007240731764,1728.391389132609,1729.922
2020-05-14,1778.7,1762.0,1737.29032646769,1757.893752398752,1763.8489
2020-05-15,1760.6,1778.7,1755.5712693952182,1759.9519616352336,1769.4054
2020-05-18,1773.4,1760.6,1768.2674186192123,1762.4631336886614,1771.8303
2020-05-19,1781.7,1773.4,1758.9107159882917,1762.3433429107024,1763.432
2020-05-20,1750.4,1781.7,1771.4428640055903,1760.7573336000019,1760.1929
2020-05-21,1765.6,1750.4,1777.8013708283431,1747.8055384571478,1746.5127
2020-05-22,1730.65,1765.6,1757.0214770478026,1758.3455790596772,1752.5052
2020-05-24,1727.0,1730.65,1766.3195720627693,1722.600697061732,1734.3135
2020-05-25,1740.5,1727.0,1736.3578573842897,1716.1248081600831,1728.6669
2020-05-26,1740.5,1740.5,1737.5476560626528,1721.1853614434763,1724.078
2020-05-27,1742.7,1740.5,1737.5599871853124,1727.7124080097717,1734.3706
2020-05-28,1765.7,1742.7,1742.0735395360107,1724.5657056961772,1734.0222
2020-05-29,1763.7,1765.7,1740.2933419643878,1758.737942509737,1764.5048
2020-06-01,1749.7,1763.7,1758.9451922295555,1759.5738601451046,1771.5538
2020-06-02,1723.5,1749.7,1759.8539856621744,1738.472640092995,1747.5143
2020-06-03,1746.4,1723.5,1751.491669371352,1721.937636884141,1723.1946
2020-06-04,1701.9,1746.4,1729.7740092358667,1726.0791101409757,1738.917
2020-06-05,1723.8,1701.9,1749.0203201028414,1708.1529074467533,1695.1675
2020-06-08,1740.3,1723.8,1709.290964648924,1711.4879829167983,1723.206
2020-06-09,1739.0,1740.3,1729.049905102188,1724.4183013119778,1726.4883
2020-06-10,1757.6,1739.0,1731.4884308896621,1727.30487724027,1726.954
2020-06-11,1755.2,1757.6,1740.0446698227693,1756.140429799728,1753.1906
2020-06-12,1744.9,1755.2,1748.9071749605807,1758.2595137403252,1758.9785
2020-06-15,1754.4,1744.9,1751.2727237911208,1730.8470539561351,1735.0784
2020-06-16,1753.4,1754.4,1747.3263823121379,1754.024804755648,1751.1107
2020-06-17,1747.9,1753.4,1752.7678575770262,1751.8267216993156,1759.4694
2020-06-18,1768.6,1747.9,1753.3024834164555,1734.9177890313567,1744.6481
2020-06-19,1781.7,1768.6,1749.625165265057,1757.5621446516286,1758.5944
2020-06-22,1797.1,1781.7,1764.0717533225202,1761.4876276968719,1768.4689
2020-06-23,1792.6,1797.1,1775.5418348934406,1768.7849666059024,1785.1407
2020-06-24,1788.4,1792.6,1790.5034173455724,1768.9886964929274,1786.4019
2020-06-25,1798.5,1788.4,1787.3211277754335,1767.0956171377413,1787.3079
2020-06-26,1800.1,1798.5,1788.9225179663815,1767.3096686733206,1781.9089
2020-06-29,1820.4,1800.1,1796.558879608092,1768.6150792624862,1779.4336
2020-06-30,1801.9,1820.4,1799.0536760912232,1789.9862158458352,1797.1892
2020-07-01,1812.0,1801.9,1815.4723571680593,1771.3911850537,1784.3651
2020-07-02,1787.6,1812.0,1800.30783281253,1782.4702614080772,1790.1637
2020-07-03,1816.1,1787.6,1812.811804177303,1765.3594447645678,1777.1719
2020-07-06,1834.3,1816.1,1789.7341934405945,1794.036268538283,1791.8667
2020-07-07,1850.6,1834.3,1817.315568616993,1800.7656260599836,1801.4673
2020-07-08,1833.5,1850.6,1824.2296017268804,1802.8568649840495,1802.3069
2020-07-09,1831.3,1833.5,1844.682940091948,1800.831618574904,1826.8752
2020-07-10,1843.7,1831.3,1828.7685859277708,1799.791166092664,1818.0388
2020-07-13,1841.5,1843.7,1833.779519657147,1800.512973324321,1815.1066
2020-07-14,1841.6,1841.5,1841.7268300464295,1803.4548654286714,1824.9742
2020-07-15,1826.5,1841.6,1841.9502681910888,1802.8039532297594,1826.824
2020-07-16,1833.7,1826.5,1840.7863990902702,1800.4705690334679,1817.773
2020-07-17,1840.1,1833.7,1828.4294461358509,1796.2178836968587,1816.5021
2020-07-20,1869.6,1840.1,1836.0587422894487,1797.2227848484174,1791.3817
2020-07-21,1892.6,1869.6,1838.0459667273362,1801.2409121530575,1826.8115
2020-07-22,1917.4,1892.6,1863.2166442686114,1801.4565037661012,1826.69
2020-07-23,1925.2,1917.4,1879.98721994495,1808.4853680780413,1839.5178
2020-07-24,1955.4,1925.2,1905.4767545423235,1806.7200152974883,1833.232
2020-07-27,1963.9,1955.4,1914.498971887563,1809.316613712962,1831.5627
2020-07-28,1976.7,1963.9,1945.0744032761424,1806.9330615429096,1824.4816
2020-07-29,1966.8,1976.7,1954.0123299895433,1806.4898667169025,1825.9933
2020-07-30,1985.9,1966.8,1970.8558559204823,1805.6533348829473,1828.3883
2020-07-31,1986.3,1985.9,1963.0872109507384,1806.97838412727,1830.352
2020-08-03,2021.0,1986.3,1983.692643064465,1805.8145653250926,1828.329
2020-08-04,2049.3,2021.0,1981.9599832791591,1816.0927551969676,1827.3942
2020-08-05,2069.4,2049.3,2014.1207486339003,1831.485083349372,1840.2207
2020-08-06,2028.0,2069.4,2033.9027072118176,1830.7854954071663,1836.7461
2020-08-07,2039.7,2028.0,2058.187091098078,1825.8400689036855,1840.0122
2020-08-10,1946.3,2039.7,2027.4505217418161,1827.7535396940066,1831.2499
2020-08-11,1949.0,1946.3,2043.324409529944,1822.435974387091,1813.0726
2020-08-12,1970.4,1949.0,1965.0170707880122,1822.3600995855036,1829.6917
2020-08-13,1949.8,1970.4,1971.9630466499793,1825.743137190954,1821.3425
2020-08-14,1998.7,1949.8,1967.7729037057527,1822.0930825677992,1822.2039
2020-08-17,2013.1,1998.7,1959.3376608782394,1830.4193739175448,1835.1537
2020-08-18,1970.3,2013.1,1987.1311283595594,1826.469476749598,1839.835
2020-08-19,1946.5,1970.3,1999.2169571362988,1821.5478675019012,1838.1444
2020-08-20,1947.0,1946.5,1976.4452505863962,1813.6412768274809,1822.4398
2020-08-21,1939.2,1947.0,1953.6775924436208,1812.6744926842118,1825.6869
2020-08-24,1923.1,1939.2,1954.9664992399971,1807.6808252724184,1818.1654
2020-08-25,1952.5,1923.1,1946.978931508436,1806.3206742928423,1818.1211
2020-08-26,1932.6,1952.5,1928.522686199218,1809.3152393109754,1826.9757
2020-08-27,1974.9,1932.6,1949.028435107101,1802.015988977135,1818.624
2020-08-28,1978.6,1974.9,1932.432021198094,1807.5995372549953,1828.9264
2020-08-31,1978.9,1978.6,1969.7279679032624,1806.8943824565783,1833.6338
2020-09-01,1944.7,1978.9,1966.6476134911372,1806.2184328117783,1826.6777
2020-09-02,1937.8,1944.7,1978.9098536679758,1798.1803492077368,1815.8455
2020-09-03,1934.3,1937.8,1946.4884873209535,1797.3074072996446,1814.3955
2020-09-04,1940.65,1934.3,1947.7433311918157,1796.9388987706736,1812.0166
2020-09-06,1937.1,1940.65,1938.5496049572112,1798.41240784813,1814.0098
2020-09-07,1943.2,1937.1,1943.8523095819855,1794.8550586926958,1812.0442
2020-09-08,1954.9,1943.2,1935.9218530125086,1795.263840745366,1820.7119
2020-09-09,1964.3,1954.9,1942.3363019977126,1795.9283777763903,1816.304
2020-09-10,1957.35,1964.3,1950.6232726779417,1797.2251976508926,1822.829
